Location,Business Name,Website,Address,City,Pincode,Established,Phone1,Phone2,Phone3,Phone4,Phone5,Phone6,Email1,Email2,Email3,Email4
Bhadohi,Kohinoor Woollen Carpet Industries,,Varanasi Allahabad G.T.Road  Bhadohi - 221401  Near Ghatampur,Bhadohi,221401,,919152669248,,,,,,kohinoorwci@gmail.com,,,
Bhadohi,Zohra Rugs,,Staion Road  Bhadohi - 221401  Jalal Pur  Sant Ravidas Nagar,Bhadohi,221401,2001,919616858007,,,,,,altamishkamran@gmail.com,,,
Bhadohi,Shahkar Rugs,http://www.shahkarrugs.com,Chauri Rd  Bhadohi - 221401  Bazar Sardar Khan,Bhadohi,221401,,915414225229,919450789680,,,,,shahkarrugs@sify.com,,,
Bhadohi,Himalaya Collection,http://www.himalayacollection.com,Hig II  Plot 5-12  Jamunipur Colony  Bhadohi - 221401,Bhadohi,221401,,919999019350,919335723032,,-7706959576,-9919991343,,office@himalayacollection.com,office@himalayacollection.com,,
Bhadohi,Saif Carpets Pvt Ltd,http://www.saifcarpets.com,Post Box 59  4  Ayat Road  Bhadohi - 221401  Himmatpur Srn  Bakuchia,Bhadohi,221401,,915414228908,915414226208,9.15414E+11,+91 9936001321,,,saif@saifcarpets.com,info@saifcarpets.com,shamim@enayarugs.com,info.uae@saifcarpets.com
Bhadohi,Husaini Oriental Rugs,http://www.husainiexports.com,Post Box-14  By Pass Raod  Bhadohi - 221401  Jamunipur,Bhadohi,221401,1989,915414228228,919335970541,9.1989E+11,,,,info@husainiexports.com,contact@husainiexports.com,rehan@husainiexports.com,
Bhadohi,Sangeeta Carpet,,Babusarai  Bhadohi - 221401  Near Ny Inter College,Bhadohi,221401,1988,919415625225,919956367585,,,,,sangeetacarpets@gmail.com,,,
Bhadohi,Asian Exports,http://www.asianexports.co,94  Chak-Saif  Main Road  Bhadohi - 221401  Near-ICICI Bank,Bhadohi,221401,,915414224422,915414224411,9.19616E+11,-9616118932,8042753629,,info@asianexports.co,asianexports.india@hotmail.com,info@asianexports.co,
Bhadohi,Shahkar Carpets,,Shahkar Bazar  Sardar Khan  Chauri Road  Bhadohi  Bhadohi - 221401,Bhadohi,221401,,919335733288,,,,,,,,,
Bhadohi,Insha Carpet,,BHADOHI - 221401  Indra Mill Jalla Pore Nai Basti,Bhadohi,221401,2012,919883251250,919598091000,,,,,,,,
Bhadohi,Mahabir Prasad & Sons,,Main Rd  Bhadohi - 221401  Chak Inyat  Next To ICICI Bank  Opp Bata Shoe Store,Bhadohi,221401,,915414225173,915414227436,9.19919E+11,,,,,,,
Bhadohi,Rugs De Indiska,http://www.rugsdeindiska.com/,Re  Chauri Road  Bhadohi - 221401,Bhadohi,221401,,918726781037,,,,,,,,,
Bhadohi,Indian Art Gallery,http://www.indianartgallery.in/,Carpet City  Chauri Road  Bhadohi - 221401,Bhadohi,221401,,919415201423,,,+91 90052 24446,,,,sales@indianartgallery.in,,
Bhadohi,Capital Carpet Company,http://www.capitalcarpetcompany.com/,Quazipur  Bhadohi - 221401  Near Badi Masjid,Bhadohi,221401,2016,919452561802,919897814182,,+91 94525 61802,,,capitalcarpetcompany@gmail.com,info@capitalcarpetcompany.com,,
Bhadohi,Sunny Exports,,Civil Line Road  Raya  Bhadohi - 221401  Pakari,Bhadohi,221401,,915414224065,919935042784,,,,,,,,
Bhadohi,Bhadohi Carpet House,,No. 255  Nizampur  Mamdeopur  Bhadohi - 221401,Bhadohi,221401,2000,919919825438,,,,,,,,,
Bhadohi,Vishal Carpets,http://www.vishalcarpets.com,Gyanpur Rd  Bhadohi - 221401  Near Telephone Exchange  Olpposite Bluedart,Bhadohi,221401,1985,915414224052,919839143895,9.19839E+11,-9839049803,-8604156530,,vishalcarpets@hotmail.com,vishalcarpets@hotmail.com,vishalcarpets@rediffmail.com,5g@Jr.L
Bhadohi,Maqsood Rugs Centre,http://www.maqsoodrugscentre.com,nayi basti  maryad patti  Bhadohi - 221401  near mother helina public school,Bhadohi,221401,2010,917523936859,919305379555,,,,,mohdtauz18@gmail.com,,,
Bhadohi,Bhadohi Rugs,http://www.bhadohirugs.com,Quazitur Bhadohi  Bhadohi - 221401  Near Badi Maszid,Bhadohi,221401,1990,915414224986,,,,,,bhadohi@bhadohirugs.com,,,
Bhadohi,Kaka Carpets,,Gyanpur Rd  Bhadohi - 221401  Hariyaon,Bhadohi,221401,,915414225571,,,,,,,,,
Bhadohi,Shivang Carpet Pvt. Ltd,,Nayi Bazar  BHADOHI - 221401  Near Sant Mary School,Bhadohi,221401,,915414278456,919415263184,9.19985E+11,,,,shivain@satyam.net.in,,,
Bhadohi,Bokhara Industries PVT. LTD.,,Civil Line  Badohi  Badohi  Bhadohi - 221401,Bhadohi,221401,,915414225391,,,,,,,,,
Bhadohi,Danish Intl,,BHADOHI - 221401  Bzr Salabat Khan,Bhadohi,221401,1952,919335721096,919336581264,,,,,danishintl@sify.com,,,
Bhadohi,Ashok Carpet Ind,http://www.ashokcarpet.com,G T Rd  Bhadohi - 221401  Nh- 2  Aurai,Bhadohi,221401,,919935492405,919336964827,,,,,ashokcarpet@gmail.com,ashokcarpet@gmail.com,,
Bhadohi,S.Ansari & Sons,,Main Road Bhadohi Bhadohi  Badohi  Bhadohi - 221401  Main Road Bhadohi Bhadohi,Bhadohi,221401,,915414224687,,,,,,,,,
Bhadohi,M.L. Khanna & Sons,,Power House Road  Khannapur  Badohi  Bhadohi - 221401,Bhadohi,221401,,915414224391,,,,,,,,,
Bhadohi,Antique Art Centre,http://www.antiqueartcentre.com,Bhadohi - 221401  Akbarpur  Post Khamarya,Bhadohi,221401,1980,915414243440,919415621862,9.19454E+11,,,,noor0786@sify.com,,,
Bhadohi,Ivory Fine Rugs.,,Naya Bazar  Bhadohi  Bhadohi - 221401,Bhadohi,221401,,915414264144,919335762305,,,,,ivory_fine@yahoo.com,,,
Bhadohi,Carpet Land India,http://www.carpetlandindia.com,Chauri Road  Bhadohi - 221401  Rewra  Paraspur,Bhadohi,221401,1991,915414224170,919919804370,9.19793E+11,,,,carpetlandindia@gmail.com,,,
Bhadohi,Resco Rugs,http://rescorugs.business.site/,Bazar Sardar Khan  Katra Bazar  Bhadohi - 221401,Bhadohi,221401,,915414226466,915414228133,9.19794E+11,,,,,,,
Bhadohi,Homeheart,http://www.homeheart.in,Fattupur Modh Road Bhadohi  Modh Road  Bhadohi - 221401  Care & Fare School,Bhadohi,221401,2017,919336977747,,,,,,helphomeheart@gmail.com,,,
Bhadohi,ABCL Carpets,http://www.abclcarpets.in,Chauri Rd  Bhadohi - 221401  Sheikh Ibrahim Mkt,Bhadohi,221401,,915414225386,919335729460,9.19839E+11,,,,indohouse@sify.com,,,
Bhadohi,Deepak Rugs,,Gyanpur Road  Hariyawan  Bhadohi - 221401  Hariyawan,Bhadohi,221401,,915414225772,919161100626,,,,,,,,
Bhadohi,T N Collections,,Katra Bazar  Bhadohi - 221401  Nai Basti Maryad Patti,Bhadohi,221401,,915414227152,919451940889,,,,,tncollections@gmail.com,,,
Bhadohi,Himalayan Collection,,P No 5-12  Hig-II  Bhadohi - 221401  Jaminipur Clny,Bhadohi,221401,,915414225675,915414225542,,,,,,,,
Bhadohi,Ujjwal Carpets,,Gyanpur Rd  Bhadohi - 221401  P.o. Box 174  Hariyawn,Bhadohi,221401,,915414227572,915414228526,,,,,,,,
Bhadohi,H.M.Yousuf,http://www.hmyousof.com,Khamaria  Khamaria  Bhadohi - 221401,Bhadohi,221401,,915414243456,919335720673,,,,,asianhc@satyam.net.in,,,
Bhadohi,Maurya International,,Civil Lines .  Bhadohi  Bhadohi - 221401,Bhadohi,221401,,915414225631,919839059231,,,,,,,,
Bhadohi,ARS Displays,http://www.arsdisplay.com,Bhadohi - 221401  Himmatpur Bakuchia,Bhadohi,221401,2007,915414224180,915414226180,9.19415E+11,+91 94152 02280,+91 94519 54105,+91 99569 55066,displayars@gmail.com,displayars@gmail.com,info@arsdisplay.com,displaysystems.ars@gmail.com
Bhadohi,Abcl Carpets,,Sheikh Ibrahim Market  Chauri Road  Bhadohi - 221401,Bhadohi,221401,,915414225386,915414227086,,,,,indohouse@sify.com,,,
Bhadohi,Khanna Carpet Collection,,P.o.box 50  Khannapur  Bhadohi - 221401  Bhadohi,Bhadohi,221401,,915414226443,,,,,,,,,
Bhadohi,Carpets Manufacturer & exporter,http://www.evergreencarpets.com,EverGreen Carpets  Mahboobpur By Pass Road Bhadohi U.P. 221401 India  Bhadohi - 221401  Near New Masjid,Bhadohi,221401,,915414224816,919580328504,9.19839E+11,,,,evergreencarpets@yahoo.com,,,
Bhadohi,Shri Ram Rahim Export,,G.T road Babuasrai  maharajganj bhadohi  Bhadohi - 221401  behind hinustan pertolium,Bhadohi,221401,,917007830447,,,,,,harshthakur990@gmail.com,,,
Bhadohi,A & S Carpet Co.,,Jamund  Bhadohi  Bhadohi - 221401,Bhadohi,221401,,915414227833,919795552787,,,,,,,,
Bhadohi,Zenith Arts,,Daropur  Dist. Bhadohi  Bhadohi - 221401,Bhadohi,221401,,915414226292,919889135185,,,,,,,,
Bhadohi,Teppich World,,Peerkhanpur Road  Bhadohi - 221401,Bhadohi,221401,,915414226247,915414385493,,,,,,,,
Bhadohi,Ajay Carpets,,Mirzapur Road  Gopiganj  Bhadohi - 221401,Bhadohi,221401,,915414232293,,,,,,,,,
Bhadohi,MAT India Corporation,http://www.matindiacorporation.in,Ram Raipur Bypass Road  Bhadohi - 221401,Bhadohi,221401,,919415286288,919554853248,,-9565322316,8045134421,-9554853157,,matindia11@gmail.com,,
Bhadohi,Dhiraj Carpet Exports,,Bazar Sardar Khan  Chowri Road  Badohi  Bhadohi - 221401,Bhadohi,221401,,915414300217,915414225052,,,,,,,,
Bhadohi,Ramesh Carpet Industries,http://www.rameshcarpet.com,Station Road  Bhadohi - 221401  Near Hotel Glory Mulla Talab,Bhadohi,221401,1993,919453379997,,,+91 9453379997,9453379997,,rameshcarpetindustries@gmail.com,rameshcarpetindustries@gmail.com,,
Bhadohi,Rahamtullah & Sons,http://www.rahamtullah.com,Bandhwa Road  BHADOHI - 221401  Qazipur  Near Rmc Collection,Bhadohi,221401,2008,915414228055,919918373086,,,,,info@rahamtullah.com,,,
Bhadohi,Jyotsana Rugs Gallery,,254  Bhadohi - 221401  Radha Krishna Temple  Daropur,Bhadohi,221401,2006,918090862280,,,,,,varun_mca054@yahoo.com,,,
Bhadohi,Singh Enterprises,,Village Siur  Po. Aurai  Bhadohi - 221401,Bhadohi,221401,,915414243441,919415300313,,,,,,,,
Bhadohi,Rug Line,,Peer Khanpur Road  Station Road Bhadohi  Uttar Pradesh  Bhadohi - 221401,Bhadohi,221401,,915414226139,915414225511,9.19336E+11,,,,,,,
Bhadohi,Patodia Exports,,Gyanpur Road  Bhadohi - 221401  Saraiya,Bhadohi,221401,,915414225760,919919802544,,,,,,,,
Bhadohi,Pooja PVT. LTD.,,Mondh  Bhadohi  Bhadohi - 221401,Bhadohi,221401,,915414274262,919335788906,,,,,,,,
Bhadohi,Rugs By Choice,,Naya Bzr Rd  Bhadohi - 221401,Bhadohi,221401,,919811911759,,,,,,salamwaziri@gmail.com,,,
Bhadohi,Tajmahal Collections,,P.o. Box 100  Chauri Road  Bhadohi  Bhadohi - 221401,Bhadohi,221401,,915414225842,,,,,,,,,
Bhadohi,Dhiraj Exports,,Chauri Rd  Bhadohi - 221401  Nr Payal Talkies,Bhadohi,221401,,919335854925,,,,,,dhirajexports@sify.com,,,
Bhadohi,Excel Rugs World,,BHADOHI - 221401  Chowk  Qazipur,Bhadohi,221401,2010,915414227386,919935242567,,,,,excelrugsworld@hotmail.com,,,
Bhadohi,Alauddin Exports,,Rotaha  Parsipur  Bhadohi - 221401,Bhadohi,221401,,915414271238,915414271786,,,,,alauddinexp@sify.com,,,
Bhadohi,H A & Sons,http://www.hasons.net,Aurai Road  Bhadohi - 221401  near masjid,Bhadohi,221401,2008,915414227111,919956499777,,,,,info@hasons.net,,,
Bhadohi,Acme Carpets,,Chauri Road  Bhadohi - 221401,Bhadohi,221401,,915414228539,,,,,,acme_ansari@tradeindia.com,,,
Bhadohi,Faisal International,,P.o. Box No 89  Staion Road  Bhadohi - 221401,Bhadohi,221401,,915414505414,915414226064,,,,,faisalint@satyam.net.in,,,
Bhadohi,Elegant Carpet,,Quazipur  Bhadohi - 221401,Bhadohi,221401,,915414225369,915414224669,,,,,elegant1@satyam.net.in,,,
Bhadohi,Nexus,,Bhadohi - 221401  P O Box No-120  Quazipur,Bhadohi,221401,,919415452702,,,,,,zanexus1@gmail.com,,,
Bhadohi,Kumar ENT,,Chauri Rd  Bhadohi - 221401  Pure Shyam,Bhadohi,221401,,915414224977,919415286325,,,,,,,,
Bhadohi,Bokhara Concept,,Chedibeer  Bhadohi - 221401,Bhadohi,221401,,915414225091,,,,,,,,,
Bhadohi,Goyal Export,,dardopur city  Bhadohi - 221401  behind ram leela ground,Bhadohi,221401,,915414224291,919335723021,,,,,goyalexports@sify.com,,,
Bhadohi,Carpet Gallery,,Sant Ravi Das Nager  Bhadohi - 221401  Near By Railway Station and Opposite Post Office,Bhadohi,221401,2009,918840832075,,,,,,faizk66@gmail.com,,,
Bhadohi,Varanasi Carpet MFG Co,,GT Road  Bhadohi - 221401  Madhosingh Bazar,Bhadohi,221401,1990,919369252430,,,,,,,,,
Bhadohi,Kapoors Carpets,,Main Rd  Bhadohi - 221401  Nr Azmullah Choraha,Bhadohi,221401,,915414225243,915414224011,9.19936E+11,,,,kapoor.abhishek08@gmail.com,,,
Bhadohi,Farhan Carpet & Home Furnishing,,Chamanganj Ghosia  Bhadohi - 221401  Aurai,Bhadohi,221401,2011,918896955050,,,,,,ansarifurnisher@gmail.com,,,
Bhadohi,Aisha Industries,,Bhadohi - 221401  Kashipur,Bhadohi,221401,1985,915414225613,919335762032,,,,,industriesaisha@gmail.com,,,
Bhadohi,N Z Export,,Bhadohi - 221401  Mohalla Kajiana Near Habib Market,Bhadohi,221401,,919580920286,,,,,,mujtabahabib92@gmail.com,,,
Bhadohi,Mushtaque Ansari & Sons,,Bhadohi - 221401  Rotha,Bhadohi,221401,1985,919918072163,,,,,,zeeshadansari555@gmail.com,,,
Bhadohi,Bwm International,,Fakir Seth Bldg  Peerkhan Pur Road  Bhadohi - 221401,Bhadohi,221401,,915414221401,,,,,,,,,
Bhadohi,Kashanian Exports,,Bhadohi H O  Bhadohi  Bhadohi - 221401,Bhadohi,221401,,,,,,,,,,,
Bhadohi,Ashoka Rugs,,Bhadohi H O  Bhadohi  Bhadohi - 221401,Bhadohi,221401,,919839080912,,,,,,,,,
Bhadohi,Ima Rugs,,Bhadohi H O  Bhadohi  Bhadohi - 221401,Bhadohi,221401,,919839049557,,,,,,,,,
Bhadohi,Infab India,,Bhadohi H O  Bhadohi  Bhadohi - 221401,Bhadohi,221401,,919794950321,,,,,,,,,
Bhadohi,Sayeeda Collection,,Zanu Sahid Road  Peerkhanpur  Bhadohi  Bhadohi - 221401,Bhadohi,221401,,915414302171,919987559586,,,,,,,,
Bhadohi,Pashmeena Exports,,Civil Lines Bhadohi  Bhadohi - 221401,Bhadohi,221401,,919839875799,,,,,,,,,
Bhadohi,Capry Expotex,,Main Road  Maryadpatti  Bhadohi  Bhadohi - 221401,Bhadohi,221401,,919044113519,,,,,,,,,
Bhadohi,Moinuddin & Sons,,St Mary Road  Bhadohi - 221401  Naya Bazar,Bhadohi,221401,,919415905222,919335762117,,,,,,,,
Bhadohi,Alina Carpets,,Mohalla Ramsahaipur  Bhadohi - 221401  Near Masjid & 1.5 Km From Bhadohi Railway Station,Bhadohi,221401,,918726204036,,,,,,anwarcarpet@gmail.com,,,
Bhadohi,Rizvan brothers,,Bhadohi - 221401,Bhadohi,221401,2013,918090405097,918381964695,,,,,,,,
Bhadohi,Abdul Aziz Rugs,,Bhadohi - 221401  Power House  Gerai  Gopi Gunj,Bhadohi,221401,2015,919451528849,,,,,,abdulazizrugs@gmail.com,,,
Bhadohi,Carpet Gallery,,Kazipur Road  Bhadohi - 221401  Nizampur,Bhadohi,221401,2015,919892694121,918268274120,,,,,carpetgallery@yahoo.com,,,
Bhadohi,Sara Overseas Corporation,,Sofian House  Sadar Road  Bhadohi - 221401  Ghosia,Bhadohi,221401,1998,919721002288,,,,,,flooring4u@gmail.com,,,
Bhadohi,kelim world,,Ramshaipur Bhdohi  Bhadohi - 221401  Near Amber Neam,Bhadohi,221401,,918090760805,,,,,,kelimcarpet78@gmail.com,,,
Bhadohi,Ayub Creation,,himmatpur bakuchia  3 ayat road  Bhadohi - 221401,Bhadohi,221401,,919451423042,,,,,,,,,
Bhadohi,T S Art,,Noor Khanpur  Bhadohi - 221401  Near Ek Minara Masjid,Bhadohi,221401,2017,917007454259,,,,,,,,,
Bhadohi,Saayem Art Tex,,Daropur Road  Bhadohi - 221401  Near By Water Tank,Bhadohi,221401,2007,918115944999,919919288503,,,,,,,,
Bhadohi,Deepak Carpets,http://www.deepakcarpets.com,White Building  Naya Bazar  Bhadohi - 221401  Near Naya Bazar Telephone Exchange,Bhadohi,221401,1985,915414278700,919336054333,,,,,deepak.carpets@gmail.com,,,
Bhadohi,Vinod And Associates,,1/17 Jamunipur Colony Badohi  Bhadohi - 221401  Near Indira Mill Crossing,Bhadohi,221401,2010,918299115809,,,,,,,,,
Bhadohi,HomeHeart,http://www.homeheart.in,Fattupur  Gangapur  Bhadohi - 221401  Care & Fare School,Bhadohi,221401,2017,919336977747,,,,,,homeheart.in@gmail.com,,,
Bhadohi,Ahmad Ansari Carpet Manufacturer,,Kazipur  Bhadohi - 221401  Near Kotwali,Bhadohi,221401,,917985166095,919628152517,,,,,,,,
Bhadohi,Bholanath International Limited,http://www.bholanath.biz,Bhadohi - 221401  Khamaria,Bhadohi,221401,,915414243501,,,,,,marketing@bholanath.biz,,,
Bhadohi,Universal Rugs,,House Number-69  Bhadohi - 221401  Jahidpur Naya Bazar,Bhadohi,221401,1991,919935343270,919838966022,,,,,unirugs@yahoo.co.in,,,
Bhadohi,javed woven and knitting industry,,Bhadohi - 221401,Bhadohi,221401,,919155384529,,,,,,javedakhtar4321@yahoo.in,,,
Bhadohi,Irfan Oriental Rugs,,GT Road  Bhadohi - 221401  National Highway 2  Ghosia,Bhadohi,221401,1972,915414244555,919335021800,,,,,irfanrugs@gmail.com,,,
Bhadohi,Utter Home,http://www.utterhome.com,maboobpur  Jaunpur By pass road  Bhadohi - 221401,Bhadohi,221401,1997,919670703666,,,,,,customercare@utterhome.com,,,
Bhadohi,Fida Art Gallery,,ram lila mandan road  Katra Bazar  Bhadohi - 221401  near relaince building,Bhadohi,221401,2016,919026442315,919580299936,,,,,tauseef0069@gmail.com,,,
Bhadohi,Shahab Brothers Industries,,Postoffice  Khamariya  Bhadohi - 221401,Bhadohi,221401,,918299396473,,,,,,shaanrock@gmail.com,,,
Bhadohi,Afan International,,47/48  Jallapur  Nai Basti  Bhadohi - 221401,Bhadohi,221401,2012,919335426645,,,,,,afanintl@gmail.com,,,
Bhadohi,Modern Rugs,,P.o.box-201  Jallapur  Bhadohi-221401  Bhadohi - 221401,Bhadohi,221401,,915414228342,919415225416,,,,,,,,
Bhadohi,Acme Carpets,,Post Box No  252  Chaori Road  Bhadohi  Bhadohi - 221401,Bhadohi,221401,,915414228539,919415268919,,,,,,,,
Bhadohi,Vivek International,,Vivek International  Nai Bazar Bhadohi  Uttar Pradesh  Bhadohi - 221401,Bhadohi,221401,,915414278929,919795959263,,,,,,,,
Bhadohi,Salwan Rugs Ind,,Bhadohi - 221401  Ghosia  P O Aurai,Bhadohi,221401,,915414243287,,,,,,salwan.rugs@gmail.com,,,
Bhadohi,Rashid & Sons,,Bhadohi - 221401  P.o. Khamaria,Bhadohi,221401,,915414243284,,,,,,,,,
Bhadohi,United Shine Arts,,Bhadohi - 221401  Noorkhanpur  Srdn,Bhadohi,221401,,915414225925,919450237418,,,,,usa_bdh1@yahoo.com,,,
Bhadohi,Zaheer Carpets,,Khanapur  P.o. Jahgiganj  Bhadohi - 221401,Bhadohi,221401,,919415265393,,,,,,,,,
Bhadohi,Woolcraft Corporation,,P.o. Box No. 253  Noorkhanpur  Bhadohi - 221401,Bhadohi,221401,,915414225047,919415221139,,,,,,,,
Bhadohi,Raunaq Carpets,,C/O Raunaq Sons  Madho Singh  Bhadohi - 221401  Aurai,Bhadohi,221401,,915414243232,918904721481,,,,,,,,
Bhadohi,Royal Self Help Group,,Madho Singh  Post Aurai  Bhadohi - 221401,Bhadohi,221401,,919305386924,,,,,,,,,
Bhadohi,Kashanian Exports,http://www.bhadohiinfo.com,Bhadohi - 221401  Chauri Road,Bhadohi,221401,,915414278578,919945822133,,,,,wazirimail@sancharnet.in,,,
Bhadohi,Orient Carpet India,,Bhadohi - 221401  Shardapuri Chari Road,Bhadohi,221401,,9154144012752,919254213614,,,,,orctl@yahoo.com,,,
Bhadohi,M. H. Carpets,,Box 135  Bhadohi - 221401  Bazar Sardar Khan,Bhadohi,221401,,9154143555090,919818071932,,,,,admin@baileyindia.com,,,
Bhadohi,Abhay International,,Lasmaria  Khamaria  Bhadohi - 221401,Bhadohi,221401,,915414243648,,,,,,abaymishr@rediffmail.com,,,
Bhadohi,B.B.N. Exports,http://www.bbnexports.com,Nitika Bhawan  Aurai Road  Bhadohi - 221401,Bhadohi,221401,,915414225353,915414227562,,,,,bbnexpo@satyam.net.in,,,
Bhadohi,Aditya Intl,,G T Rd  Bhadohi - 221401  Lala Ngr,Bhadohi,221401,,919450238203,,,,,,vintriunique@gmail.com,,,
Bhadohi,Sheikh Bhullan Carpets (P).  LTD.,,Puregulab  Bhadohi - 221401  Gopiganj,Bhadohi,221401,,915414232087,,,,,,,,,
Bhadohi,Rizwan & Brothers Co. LTD.,,Rizwan & Brothers Co. Ltd.  Akbar Pur  Bhadohi - 221401  Khamaria  Near Pond,Bhadohi,221401,,919935453778,,,,,,,,,
Bhadohi,Ansari Floor Coverings,http://www.ansarifloor.com,Bhadohi - 221401  Noorkhanpur,Bhadohi,221401,,915414322533,919838513330,,,,,ansarifloor@yahoo.co.uk,,,
Bhadohi,Rupesh Kumar & Bros,,Main Rd  Bhadohi - 221401  Nr Ram Talkies,Bhadohi,221401,,919415203876,919415203859,,,,,rupeshkr@sify.com,,,
Bhadohi,Bizarre Rugs Inc,http://www.bizarrerugs.com,Bhadohi - 221401  P O Box No- 245  Jalalpur,Bhadohi,221401,,915414224066,919838005995,,,,,bizarrerugs@gmail.com,,,
Bhadohi,Fine Arts Floor Covers,http://www.fineartfloorcovers.in,Main Rd  Bhadohi - 221401  Maryad Patti,Bhadohi,221401,,919336929388,,,,,,floorcovers@sify.com,,,
Bhadohi,Sarfaraz & Sons,,10  Bhadohi - 221401  Marriage School Naya Bzr,Bhadohi,221401,1992,919838698783,,,,,,anzarfaraz@gmail.com,,,
Bhadohi,Kav Exports,,Ground Floor  168  Civil Lines  Bhadohi - 221401  Khannapur,Bhadohi,221401,,919235408024,,,,,,,,,
Bhadohi,Mvs Export,,LAL Building  Daropur  Bhadohi - 221401  Bhadohi,Bhadohi,221401,,915414227496,919918352595,,,,,,,,
Bhadohi,Deep Exports,,Deep Exports  Laxmanpatti  Deonathpur  Bhadohi - 221401  Gyanpur,Bhadohi,221401,,915414250474,919335022493,,,,,,,,
Bhadohi,Shaggy Factory,,Katra Bazar  Bhadohi - 221401,Bhadohi,221401,2004,919696082323,,,,,,Shaggyfactory@gmail.com,,,
Bhadohi,Imam Carpets,,Bhadohi - 221401  Quzipur South,Bhadohi,221401,,915414302177,919889006433,9.1937E+11,,,,imamcarpets@hotmail.com,,,
Bhadohi,R Baranawal Intl,,147  Memdeopur Road  Bhadohi - 221401  Opposite Union Bank,Bhadohi,221401,1983,915414300000,919670819528,9335713038,,,,indiacarpet.rbi@gmail.com,,,
Bhadohi,Abdus Sami Ansari & Sons,,Main Rd  Bhadohi - 221401  P O Box No-109 Nr Ram Leela Ground,Bhadohi,221401,,9154142256661,,,,,,,,,
Bhadohi,Rahmat Brothers,,Main Road  Bhadohi  Bhadohi - 221401,Bhadohi,221401,,915414224186,919235701697,9.19889E+11,,,,raghmatbro_up@yahoo.co.in,,,
Bhadohi,Orient Arts & Crafts,,Post Box No. 134  Railway Station Road  Badohi  Bhadohi - 221401,Bhadohi,221401,,915414277602,,,,,,,,,
Bhadohi,Indo Kashanian Rugs,,P. O. Box No. 222  Chauri Road  Badohi  Bhadohi - 221401,Bhadohi,221401,,915414224472,,,,,,,,,
Bhadohi,J. M. Carpet Emporium,,Chauri Road  Bhadohi  Bhadohi - 221401,Bhadohi,221401,,915414224641,,,,,,,,,
Bhadohi,Maurya Intetrnational,,Civil Lines  Pakri  Bhadohi  Bhadohi - 221401,Bhadohi,221401,,915414226631,,,,,,,,,
Bhadohi,Minar Carpets,,241  Nubarak House  Malkana  Bhadoni  Bhadohi - 221401,Bhadohi,221401,,915414246876,,,,,,,,,
Bhadohi,MVS Exports,,LAL Building  Daropur  Bhadohi  Bhadohi - 221401,Bhadohi,221401,,915414224582,,,,,,,,,
Bhadohi,P.K. Baral,,P.box-228  Gyanpur Road  Saraiyan  Bhadohi  Bhadohi - 221401,Bhadohi,221401,,915414225296,,,,,,,,,
Bhadohi,Pars Carpet PVT. LTD.,,395  Power House Road  Civil Lines  Bhadohi  Bhadohi - 221401,Bhadohi,221401,,915414225734,,,,,,,,,
Bhadohi,Rupesh Kumar & Brothers,,Main Road Bhadohi  Bhadohi - 221401,Bhadohi,221401,,915414225537,,,,,,,,,
Bhadohi,SRI Bikaner Handicraft Exports,,Dulamdaspur  Sarroi  Aurai Road  Dist. Sant Ravidas Nagar  Bhadohi - 221401,Bhadohi,221401,,915414225011,919935488055,,,,,,,,
Bhadohi,Tara India,,Mathurapur  Naya Bazar  Bhadohi - 221401,Bhadohi,221401,1994,915414278381,915414278382,9.19336E+11,,,,,,,
Bhadohi,Oac Rugs,,Post Box No. 34  Railway Station Road  Bhadohi - 221401,Bhadohi,221401,1978,915414225460,915414227760,9.19839E+11,,,,,,,
Bhadohi,Janki Prasad And Sons,,Bazar Salabat Khan  Bazar Salabat Khan  Bhadohi - 221401  Bhadohi,Bhadohi,221401,,915414225115,,,,,,,,,
Bhadohi,Raj Exports (India),,M I G 1/1  Bida  Bhadohi - 221401  Jamunipur,Bhadohi,221401,,915414224771,,,,,,,,,
Bhadohi,Shri SAI Exports,,Bhadohi - 221401  Chakinayat,Bhadohi,221401,,915414226051,919868643287,9415286016,,,,,,,
Bhadohi,Oriental Art Covers,,P.o. Box No.187  Daropur  Bhadohi - 221401,Bhadohi,221401,,915414225825,919335679936,,,,,,,,
Bhadohi,Ornamental Rugs Pvt Ltd,,Quazipur  Bhadohi  Badohi  Bhadohi - 221401,Bhadohi,221401,,915414222318,919389906597,,,,,,,,
Bhadohi,Sangeeta International,,Main Road  Badohi  Bhadohi - 221401  Near Tata Office,Bhadohi,221401,,915414225317,919235508857,,,,,,,,
Bhadohi,Hasida & Sons,,G.t. Road  Post. Aurai  Badohi  Bhadohi - 221401  Ghosia,Bhadohi,221401,,915414243094,919415265973,,,,,,,,
Bhadohi,Prabhat Exports,,Main Road  Badohi  Bhadohi - 221401  Anand Nagar,Bhadohi,221401,,915414225840,915414225640,9.19336E+11,,,,,,,
Bhadohi,Persian Mahal,,P.o. Khamaria  Badohi  Bhadohi - 221401,Bhadohi,221401,1978,915414245190,919415871045,,,,,,,,
Bhadohi,Textile Rubber & Chemical Co. India PVT. LTD.,,Plot No. 28  29 & 30  Type E-2  Phase 1  Badohi  Bhadohi - 221401  Carpet City,Bhadohi,221401,,915414224910,919307040009,,,,,,,,
Bhadohi,Vinayaka Collection,,Jamunipur Colony  Bhadohi  Badohi  Bhadohi - 221401,Bhadohi,221401,,915414226359,919415870616,,,,,,,,
Bhadohi,Majeeda Enterprises,,Peerkhan Pur  Bhadohi  Badohi  Bhadohi - 221401,Bhadohi,221401,,915414226498,919335788715,,,,,,,,
Bhadohi,Chandra Carpet Industries,,Maryad Patti  Main Road  Bhadohi  Badohi  Bhadohi - 221401,Bhadohi,221401,,915414224706,919415286284,,,,,,,,
Bhadohi,Rug Creations,,Naya  Bazar  Bhadohi  Bhadohi - 221401,Bhadohi,221401,,915414278630,919936127427,,,,,akbal_ah@gmail.com,,,
Bhadohi,Kaiser Rugs,,Quaziana  Bhadohi  Bhadohi - 221401,Bhadohi,221401,,915414226076,919792047170,,,,,wamik_ali@yahoo.com,,,
Bhadohi,Rugmaker,,Musilatpur  Bhadohi - 221401  gyanpur road,Bhadohi,221401,2016,917065385877,,,,,,drai270027@gmail.com,,,
Bhadohi,Poddar Rugs,,M.I.G. Ii 38  Phase I  Rajpura Colony  Aurai Road  Bhadohi - 221401,Bhadohi,221401,,919580278293,,,,,,,,,
Bhadohi,Manish Exports,,Aurai Road  Harirampur  Bhadohi - 221401  Bhadohi,Bhadohi,221401,,915414226079,,,,,,,,,
Bhadohi,Ramsha Carpet & More,http://www.ramshahome.com/,9  Ayat Road  Bhadohi - 221401,Bhadohi,221401,,917753004208,,,9795911100,7870327423,9717932976,,info@ramshahome.com,asmara@arscolors.in,support@ramshahome.com
Bhadohi,Jaipur Rugs Company,,Jalalpur  Bhadohi - 221401,Bhadohi,221401,,919839854711,,,,,,,,,
Bhadohi,Rahuls Silk Carpet Industries,,Rajpura Road  Bhadohi - 221401  Beside Salestax Office,Bhadohi,221401,,917007963316,,,,,,,,,
Bhadohi,Sm Oriental Rugs,http://www.smorientalrugs.com/,Rajpura Crossing National  Bypass Road  Bhadohi - 221401  Near Fci Godown,Bhadohi,221401,,919453330877,,,-9453330786,8042784656,,,,,
Bhadohi,Pearl Carpets,http://pearlcarpets.in/,Galla Mandi Bhadohi U.p  Thakura Road  Bhadohi - 221401,Bhadohi,221401,,913844228484,,,,,,,,,
Bhadohi,Amit Carpet Industries,http://www.amitcarpet.in/,Regency State  Chedibeer  Gyanpur Road  Bhadohi - 221401  Opposite Hotel,Bhadohi,221401,,919839103925,,,,,,,,,
Bhadohi,S K Bhadohi Rugs,,Chedibeer  Civil Line Road  Bhadohi - 221401,Bhadohi,221401,,919598086666,,,,,,,,,
Bhadohi,Reyaz Rugs,http://reyazrugs.com/,Civil Line Road  Bhadohi - 221401,Bhadohi,221401,,919721235905,,,-9721235814,-8577879653,,,info@reyazrugs.com,,
Bhadohi,Aryan Carpet,,Chauri Road  Bhadohi - 221401,Bhadohi,221401,,919936935075,,,,,,,,,
Bhadohi,Rugs Museum,http://www.rugsmuseum.com,Civil Lines Road  Bhadohi - 221401  near Civil Lines Crossing,Bhadohi,221401,1989,917065178158,919415336799,,,,,info@rugsmuseum.com,,,
Bhadohi,Sapana Carpets,,Pureshyam  Bhadohi - 221401,Bhadohi,221401,,915414226929,,,,,,,,,
Bhadohi,Fafcotex Carpet,http://www.spaindia.net,Main Road  Maryadpatti Bhadohi  Bhadohi - 221401,Bhadohi,221401,,915414225029,915414300129,9.19336E+11,,,,pawanindia16@sify.com,,,
Bhadohi,Rug International Industries,,Post Box No .-129  Bazar Salabat Khan  Katra Bazar  Bhadohi - 221401,Bhadohi,221401,,915414225602,,,,,,,,,
Bhadohi,Titanic Carpets,,Maryad Patti  Bhadohi - 221401,Bhadohi,221401,,915414225730,,,,,,,,,
Bhadohi,Mugal Carpet Manufacturer,,Jamno  Katra Bazar  Bhadohi - 221401,Bhadohi,221401,,918299573795,,,,,,,,,
Bhadohi,Shahkar,,Bazar Sardar Khan  P.o. Box No. 220  Bhadohi - 221401,Bhadohi,221401,,915414225611,919305654532,,,,,,,,
Bhadohi,Nabarugs,,Mullah Talab  Bhadohi - 221401  Near Mullah Talab,Bhadohi,221401,,918853925893,919335723102,9.1731E+11,,,,naba.rugs@yahoo.com,,,
Bhadohi,Super Carpet Creations,http://www.supercarpetcreations.com/,Bhadohi  In Indo Kashanian Chauri Road  Bhadohi - 221401  Opposite to Bakery Shop,Bhadohi,221401,,919335707091,,,,,,,,,
Bhadohi,Raheem and son,http://www.raheemandson.com/,Bazaar Sardar Khan  Chauri Road  Katra Bazar  Bhadohi - 221401,Bhadohi,221401,,919415301093,,,,,,,,,
Bhadohi,DHC Groups,,chauri road  Bhadohi - 221401  Near ma majid building,Bhadohi,221401,2013,919161009898,919161044786,9.17398E+11,,,,dhcinternationalgroup@gmail.com,,,
Bhadohi,Indian Rug Palace,http://www.indianrugpalace.com,Chauri Road  Bhadohi - 221401  Rewra  Paraspur,Bhadohi,221401,1999,919795918307,,,+91 9795918307,,,rugsinc0786@gmail.com,irp0786@gmail.com,,
Bhadohi,Indian Export,http://www.indianexport.co,Chauri Road  Bhadohi - 221401  Bazar Sardar Khan,Bhadohi,221401,1970,919919510152,,,,,,info@indianexport.co,info@indianexport.co,,
Bhadohi,Classic Creation,,Payal Talkies  Chauri Road  Bhadohi - 221401,Bhadohi,221401,,917860034540,,,,,,,,,
Bhadohi,Eastern Carpet Company,,Green House  Station Road  Bhadohi - 221401,Bhadohi,221401,,919839049521,,,,,,,,,
Bhadohi,Noor Rugs,,Chauri Road  Bhadohi - 221401,Bhadohi,221401,,918115054481,,,,,,,,,
Bhadohi,M H Carpets,http://www.mhcarpets.com,Chauri Rd  Bhadohi - 221401  Bazar Sardar Khan,Bhadohi,221401,,915414226155,919235856233,9.19696E+11,-9335341207,8042756544,,mumtazarts@satyam.net.in,mhcarpets@gmail.com,,
Bhadohi,Mohammad Haneef And Sons,http://www.mhsrugs.com/,Haneef Villa  Station Road  Bhadohi - 221401,Bhadohi,221401,,918601644786,,,,,,,contact@mhsrugs.com,,
Bhadohi,Alam Rugs,,Chedibeer  Station Road  Bhadohi - 221401,Bhadohi,221401,,919839080944,,,,,,,,,
Bhadohi,Qayum Rugs,,Bhadohi H O  Bhadohi  Bhadohi - 221401,Bhadohi,221401,,919838545944,,,,,,,,,
Bhadohi,Ehtasham Carpets,,H.No 285 Pachbhaiya Mohalla  Bhadohi - 221401,Bhadohi,221401,,918736003000,,,,,,,,,
Bhadohi,Antique Rugs India,,Chedibeer  Quazipur Road  Katra Bazar  Bhadohi - 221401,Bhadohi,221401,,915414224027,,,,,,,,,
Bhadohi,Omni Exports,,Mashal Talkies Road  Bhadohi - 221401,Bhadohi,221401,,919793946796,,,,,,,,,
Bhadohi,S A Carpets,,Noorkhanpur  Bhadohi - 221401,Bhadohi,221401,,919696950178,,,,,,,,,
Bhadohi,Husaini Exports,http://www.royalhomeshop.com/,Takiya Kallan Shah  Main Road  Katra Bazar  Bhadohi - 221401,Bhadohi,221401,,919598580000,,,,,,,hello@gmail.com,,
Bhadohi,Sky Chromotex Carpet Color Systems,http://www.skychromotex.com/,Bhadohi  Chauri Road  Bhadohi - 221401  Near Kashi Gomti Grameen Bank,Bhadohi,221401,,917860788586,,,,,,,,,
Bhadohi,Ansari Handicrafts,,Ansari Handicrafts  Katra Bazar  Bhadohi - 221401  Quaziana,Bhadohi,221401,,915414224032,919235316423,,,,,,,,
Bhadohi,Ajaz Carpets,http://ajaz-carpets.business.site/,Chauri Road  Bhadohi - 221401  Near Indira Mill Crossing,Bhadohi,221401,,919839039397,,,,,,,,,
Bhadohi,oPUS,,Quazipur Road  Bhadohi - 221401  Near Usmaniya Gate,Bhadohi,221401,1995,919839043121,,,,,,eligent1@satyam.net.in,,,
Bhadohi,A Waheed Royal Carpet Co,http://waheedroyalcarpet.com/,Chedibeer  Rmc Collections Road  Bhadohi - 221401,Bhadohi,221401,,915414225795,,,-9839140975,,,,waheedroyalcarpet@yahoo.co.in,,
Bhadohi,Rugs India,,Pureshyam  Chauri Road  Bhadohi - 221401,Bhadohi,221401,,919935533397,,,,,,,,,
Bhadohi,Classic Rugs,http://classicrugs.tradeindia.com/,Qauzipur Road  Katra Bazar  Bhadohi - 221401,Bhadohi,221401,,918052202134,,,,,,,,,
Bhadohi,Mahfooz Exports,,Nizampur  bhadohi - 221401  Behind Tiny Toys School,Bhadohi,221401,2001,919696095428,,,,,,mahfoozexports@yahoo.co.in,,,
Bhadohi,Tanveer Shah Carpet Manufacturing Center,http://sunrib.net/,Suriyawan Bhadohi Road  Bhadohi - 221401,Bhadohi,221401,,919621566521,,,,,,,,,
Bhadohi,Maruti Rugs,,Katra Bazar  Bhadohi - 221401  Near By Hakim Damri Wali Gali,Bhadohi,221401,,918318398859,,,,,,,,,
Bhadohi,Artize Carpets,,Raya  Bhadohi - 221401,Bhadohi,221401,,919838015155,,,,,,,,,
Bhadohi,Prem Rugs,,Jalalpur  Station Road  Bhadohi - 221401,Bhadohi,221401,,919005304560,,,,,,,,,
Bhadohi,Fantastic Rugs International,http://www.fantasticrugs.in/,Chaksaif  Main Road  Bhadohi - 221401,Bhadohi,221401,,919140187915,,,,,,,,,
Bhadohi,Rugs By Rohit,,Chaksaif  Bhadohi - 221401,Bhadohi,221401,,919565195651,,,,,,,,,
Bhadohi,The Rug Hub,http://www.therughub.in/,Quazipur  Katra Bazar  Bhadohi - 221401,Bhadohi,221401,,919984466510,,,,,,,,,
Bhadohi,Rug India,http://www.rugindia.in,Daropur Road  Katra Bazar  Bhadohi - 221401  Near Purani Maszid Daropur,Bhadohi,221401,,919721564088,7408335427,,+91 97215 64088,+91 93357 62032,,rugindiabdh@gmail.com,rugindiabdh@gmail.com,,
Bhadohi,Rugs Mania,,Qazipur  Jogibeer Road  Bhadohi - 221401,Bhadohi,221401,,917275906442,,,,,,,,,
Bhadohi,Goyal Exports,http://www.goyalexports.net,Daropur Road  Bhadohi - 221401  Behind Ramleela Ground,Bhadohi,221401,1988,915414224291,919335723021,9305836479,,,,er.vandana.legha@gmail.com,,,
Bhadohi,Zohad International,,Chedibeer  Daropur Road  Bhadohi - 221401,Bhadohi,221401,,919838386727,,,,,,,,,
Bhadohi,Apl Carpets,,Daropur Road  Bhadohi - 221401,Bhadohi,221401,,918354959858,,,,,,,,,
Bhadohi,Ayub Rugs Leather Unit,http://www.ayubrugs.com/,Chedibeer  Piyari  Katra Bazar  Bhadohi - 221401,Bhadohi,221401,,918853249252,,,,,,,,,
Bhadohi,Sameer Enterprises,http://www.sameerenterprisesrugsindia.com/,Maryadpatti  Chedibeer  Bhadohi - 221401,Bhadohi,221401,,919794433552,,,,,,,,,
Bhadohi,Alam Carpets,,Mahboobpur  Jahidpur  By Pass Road  Bhadohi - 221401,Bhadohi,221401,,919415975270,,,,,,,,,
Bhadohi,Bilqees Rugs Collection,http://www.bilqeesrugscollection.com/,Chedibeer  Piyari  Katra Bazar  Bhadohi - 221401,Bhadohi,221401,,919696156445,,,,,,,,,
Bhadohi,King Carpets,,Factory  South Side  Post Aurai  Bhadohi - 221401  Madhosingh Bazar,Bhadohi,221401,,919369261658,,,,,,,,,
Bhadohi,Rug Factory,http://www.rugfactory.in/,Chakinayat  Pargaspur  Bhadohi - 221401,Bhadohi,221401,,918604915771,,,,,,,,,
Bhadohi,East West Trading Corporation,http://www.eastwestrugs.com/,Chedibeer  Jaunpur Bhadohi Road  Bhadohi - 221401,Bhadohi,221401,,919919101929,,,,,,,,,
Bhadohi,Rupesh Kumar & Sons,http://www.rupeshrugs.com/,Shardapuri  Birubari  Bhadohi - 221401  Opposite Carpet City,Bhadohi,221401,,919839806911,,,9.1984E+11,9.19415E+11,,,info@rkscarpets.com,rupesh_baranwal@yahoo.com,pratyush@rkscarpets.com
Bhadohi,A S Carpet,,Bhadohi - 221401  Amwan Khurd,Bhadohi,221401,,915414271407,919833752988,,,,,ascarpet@gmail.com,,,
Bhadohi,Art Creation,http://www.artcreationrugs.in/,Hariyaw  Rotha  Bhadohi - 221401,Bhadohi,221401,,919792277178,,,,,,,,,
Bhadohi,Global Overseas,http://www.globaloverseas.in/,Nh19  Gopiganj  Bhadohi - 221303,Bhadohi,221303,,919839770000,,,,,,,,,
Bhadohi,Kailash Rug Inds,,Khamaria Srn  Bhadohi - 221304  Bhadohi,Bhadohi,221304,,915414243401,915414243402,9.15414E+11,,,,kailashrug@hotmail.com,,,
Bhadohi,Rugmani,http://www.rugmani.in/,Vill- Kolhar  Post- Parsipur  Parsipur  Bhadohi - 221402,Bhadohi,221402,,919838371919,,,,,,,,,
Bhadohi,Mani Rugs,http://www.manirugs.com/,Vill Kolhan  Post Parsipur  (  Parsipur  Bhadohi - 221402  Near Hanuman Mandir) Chauri Bazaar,Bhadohi,221402,,918601920900,,,,,,,,,
Bhadohi,S S Carpet,,Jagdishpur Sujan  Parsipur  Bhadohi - 221402,Bhadohi,221402,,917451918652,,,,,,,,,
Bhadohi,Hassan Carpet Company,,Ghosia  P.o. Aurai  Aurai  Varanasi - 221301,Bhadohi,221301,,9154142243112,,,,,,,,,
Bhadohi,Jamal Creations,,Saint Marry School Road  Barawa Bazar  Bhadohi - 221402  Nai Bazar ,Bhadohi,221402,,915414278172,,,,,,,,,
Bhadohi,Ashish Rugs Intl,,Chorei Rd  Barawa Bazar  Bhadohi - 221402  Bazar Sardar Khan,Bhadohi,221402,,919956891028,,,,,,ashishintl@yahoo.com,,,
Bhadohi,P R S Carpet Manufacturing,,Saripur Road  Gopiganj  Bhadohi - 221303,Bhadohi,221303,,919450925795,,,,,,,,,
Bhadohi,Sangeeta Carpet,,BHADOHI  Mahrajganj  Bhadohi - 221314  Near By Inter Collages,Bhadohi,221314,,919415625225,919956367585,,,,,,,,
Bhadohi,Nawab Ali & Sons,,Nh 2  Poore Tika  Jagannathpur  Bhadohi - 221303,Bhadohi,221303,,919335638874,,,,,,,,,
Bhadohi,Ideal Carpets Ltd,,Gopiganj  Bhadohi - 221303  Near Rajnagar  Near Lalnagar Toll Plaza,Bhadohi,221303,1991,915414232444,917753888251,,,,,idealcarpets@gmail.com,,,
Bhadohi,grk teppich exports,,Gharpur Post Gopi Ganj  Gopiganj  Bhadohi - 221303,Bhadohi,221303,1950,918382995242,,,,,,,,,
Bhadohi,Jaiswal Yorn Agency,,Gopiganj  Bhadohi - 221303,Bhadohi,221303,,919415621734,,,,,,,,,
Bhadohi,Persian Rug Manufacturers,,Shiv Nagar  G.t. Road  Gopiganj  Gopiganj  Bhadohi - 221303,Bhadohi,221303,,915414233156,915414233154,9.19839E+11,,,,,,,
Bhadohi,Lucky Teppich,,Lucky Teppich/Co  Villi Gaharpur  Gopiganj  Bhadohi - 221303  Gopi Ganj,Bhadohi,221303,,915414231379,,,,,,,,,
Bhadohi,Juned carpet house,http://juned-carpet-house.business.site/,H N 28 Bhatewra Suriyawan Srn  Bhadohi - 221404,Bhadohi,221404,,918423437300,,,,,,,,,
Bhadohi,High Floor,,Kashipur Road  Katra Bazar  Bhadohi - 221309  Near Daropur Transfarmer,Bhadohi,221309,,919452712693,,,,,,info@highfloor.in,,,
Bhadohi,Balaji Carpet Industries,,Jalalpur  Mulla Talab Station Road  Bhadohi HO  - 221401,Bhadohi,221401,,915414302159,915414224412,9.19415E+11,,,,,,,
Bhadohi,H.M. Abbas International,,Naya Bazar  Varanasi - 221409,Bhadohi,221409,,9154142278269,9154142278147,,,,,,,,
Bhadohi,Faiz Carpets,,Aurai  Varanasi - 221301  Madho Singh Bazar,Bhadohi,221301,,919935114177,919331823374,9.19903E+11,,,,,,,
Bhadohi,Hassan Carpet Company,,Ghosia  P.o. Aurai  Aurai  Varanasi - 221301,Bhadohi,221301,,9154142243112,,,,,,,,,
Bhadohi,Raj Carpets Pvt Ltd,,Lalanagar  Gyanpur Lalanagar Road  Sant Ravidas Nagar - 221304,Bhadohi,221304,,919198996610,,,,,,,,,
Bhadohi,Persian Rug Manufacturers,,Shiv Nagar  G.t. Road  Gopiganj  Gopiganj  Varanasi - 221303,Bhadohi,221303,,915414233156,915414233154,9.19839E+11,,,,,,,
Bhadohi,Lucky Teppich,,Lucky Teppich/Co  Villi Gaharpur  Gopiganj  Varanasi - 221303  Gopi Ganj,Bhadohi,221303,,915414231379,,,,,,,,,
Bhadohi,Shashi Bhushan Mishra Pvt Ltd Company,,Shastri Nagar  Meerut - 250001,Bhadohi,250001,2017,919389777238,,,,,,,,,
Bhadohi,Oster Knit Fab,http://www.safrina.in,Dugri Road  Model Town  Ludhiana - 141002  Udey Complex,Ludhiana,141002,1998,1615087501,919779097790,,,,,okf.justdial@gmail.com,,,
Bhadohi,Innovative Edge,,GT Road  Panipat City  Panipat - 132103  Behind PNB Bank and Near Mansarover,Panipat,132103,2016,919152826687,,,,,,shreyad1740@gmail.com,,,
Bhadohi,Rishabhdev International,,97 A Central School Scheme  Air Force Area  Jodhpur - 342001  Opposite Bachpan School,Jodhpur,342001,2008,919152847761,,,,,,rishabhdevinternational@yahoo.com,,,
